{"cameraMode":{"drawMode":0,"name":"Shaded","section":"Shading Mode"},"sceneLighting":true,"audioPlay":false,"sceneViewState":{"m_AlwaysRefresh":false,"showFog":true,"showSkybox":true,"showFlares":true,"showImageEffects":true,"showParticleSystems":true,"showVisualEffectGraphs":true,"m_FxEnabled":true},"in2DMode":false,"pivot":{"x":19.975486755371095,"y":2.2711329460144045,"z":0.0000026226043701171877},"rotation":{"x":0.024885091930627824,"y":-0.02848774753510952,"z":0.0007095025503076613,"w":0.9992905855178833},"size":22.99308967590332,"orthographic":false}