{"cameraMode":{"drawMode":0,"name":"Shaded","section":"Shading Mode"},"sceneLighting":false,"audioPlay":false,"sceneViewState":{"m_AlwaysRefresh":false,"showFog":true,"showSkybox":false,"showFlares":true,"showImageEffects":true,"showParticleSystems":true,"showVisualEffectGraphs":true,"m_FxEnabled":true},"in2DMode":false,"pivot":{"x":0.06125915050506592,"y":-1.0183980464935303,"z":-0.7161122560501099},"rotation":{"x":0.038991354405879977,"y":0.9215090274810791,"z":-0.37428441643714907,"w":0.095998615026474},"size":1.5267575979232789,"orthographic":false}